{
  "win_patterns": [
    {
      "factors": {
        "return_1d": -0.0416270866789179,
        "return_2d": -0.16983715502734642,
        "return_3d": -0.20116301598847208,
        "return_5d": -0.24787788872205319,
        "return_10d": -0.013724192401448176,
        "return_20d": 0.09266482032118106,
        "return_60d": 0.0465430214953404,
        "volatility_5d": 1.6154757489108142,
        "volatility_10d": 5.822055547297587,
        "volatility_20d": 4.88342999510046,
        "volatility_60d": 4.797378865532916,
        "amplitude_5d": 1.2307873328889258,
        "amplitude_10d": 1.3307921004888807,
        "amplitude_20d": 1.2507347576902659,
        "volume_ratio_5d": 1.1611634872418144,
        "volume_change_5d": 2.260730382056584,
        "volume_ratio_10d": 0.9956158564683895,
        "volume_change_10d": -0.3310229089010437,
        "volume_ratio_20d": 0.9439038508563207,
        "volume_change_20d": 0.3799180233600028,
        "volume_ratio_60d": 1.0925278120878492,
        "volume_change_60d": -0.1924556969593254,
        "price_volume_corr_5d": -0.12456912074039225,
        "price_volume_corr_10d": -0.17108506351278788,
        "price_volume_corr_20d": -0.1536334507642017,
        "limit_up_count_5d": 1.0,
        "limit_down_count_5d": 2.0,
        "limit_up_count_10d": 3.0,
        "limit_down_count_10d": 5.0,
        "limit_up_count_20d": 7.0,
        "limit_down_count_20d": 9.0,
        "MA_5": 14.940731990860323,
        "EMA_5": 14.009734834450164,
        "MA_10": 14.666992914571713,
        "EMA_10": 14.631602259311082,
        "MA_20": 15.605801460801867,
        "EMA_20": 15.10289717535578,
        "MA_60": 15.35770664183792,
        "EMA_60": 15.309859641127646,
        "BB_UPPER": 21.360123709108016,
        "BB_MIDDLE": 15.605801460801867,
        "BB_LOWER": 9.851479212495716,
        "BB_WIDTH": 0.7374593689096539,
        "SAR": 23.411847817035458,
        "ADX": 14.434799588346763,
        "ADXR": 13.586133152048152,
        "APO": -0.8525678783066208,
        "AROON_DOWN": 85.71428571428572,
        "AROON_UP": 50.0,
        "AROONOSC": -35.714285714285715,
        "BOP": 0.9331506460924087,
        "CCI": -49.60071549154742,
        "CMO": -6.79384479025167,
        "DX": 18.972798768663584,
        "MACD": -0.44840520817105123,
        "MACD_SIGNAL": -0.16578963516057893,
        "MACD_HIST": -0.2826155730104723,
        "MFI": 42.05233414045998,
        "MINUS_DI": 16.43973971031801,
        "PLUS_DI": 11.19639204494855,
        "MINUS_DM": 22.035606170390484,
        "PLUS_DM": 15.00749342624517,
        "MOM": -0.1741035943566711,
        "PPO": -5.547092998543769,
        "ROC": -1.3724192401448176,
        "ROCP": -0.013724192401448166,
        "ROCR": 0.9862758075985518,
        "ROCR100": 98.62758075985518,
        "RSI_6": 41.368767304195735,
        "RSI_14": 46.603077604874166,
        "RSI_24": 48.188724036880885,
        "STOCH_SLOWK": 43.66672676574327,
        "STOCH_SLOWD": 49.85611034332018,
        "STOCHF_FASTK": 40.724659993473715,
        "STOCHF_FASTD": 46.34971220109486,
        "TRIX": 0.09769681120961327,
        "ULTOSC": 50.736822561223725,
        "WILLR": -61.632715369464435,
        "ATR_7": 8.644499240955806,
        "ATR_14": 9.575556864690096,
        "ATR_21": 10.017367791531953,
        "NATR": 76.53229201750311,
        "TRANGE": 2.0368736889541204,
        "AD": -37436285.23986214,
        "ADOSC": -3374935.357821934,
        "OBV": -52266576.35717334,
        "VOLUME_MA5": 2868497.4243262513,
        "VOLUME_MA10": 3345461.455575547,
        "VOLUME_MA20": 3528743.387743462,
        "VOLUME_ROC5": -0.06519756924498553,
        "VOLUME_ROC10": -0.309607906336686,
        "HT_DCPERIOD": 12.067723394806304,
        "HT_DCPHASE": 200.98768809841033,
        "HT_PHASOR_INPHASE": 0.18304277809843142,
        "HT_PHASOR_QUADRATURE": 2.2674982737614693,
        "AVGPRICE": 13.38134314702263,
        "MEDPRICE": 14.250899945741274,
        "TYPPRICE": 13.671195413262177,
        "WCLPRICE": 13.38134314702263,
        "HIGH_LOW_RATIO": 1.1254632604023815,
        "CLOSE_HIGH_RATIO": 0.8290282179704265,
        "CLOSE_LOW_RATIO": 0.9330408011625725,
        "PRICE_POSITION_20D": 0.38367284630535553,
        "PRICE_POSITION_60D": 0.3779920557285036,
        "CDL2CROWS": "0",
        "CDL3BLACKCROWS": "0",
        "CDL3INSIDE": "0",
        "CDL3LINESTRIKE": "0",
        "CDL3OUTSIDE": "-100",
        "CDL3STARSINSOUTH": "0",
        "CDL3WHITESOLDIERS": "0",
        "CDLABANDONEDBABY": "0",
        "CDLADVANCEBLOCK": "0",
        "CDLBELTHOLD": "0",
        "CDLBREAKAWAY": "0",
        "CDLCLOSINGMARUBOZU": "0",
        "CDLCONCEALBABYSWALL": "0",
        "CDLCOUNTERATTACK": "0",
        "CDLDARKCLOUDCOVER": "0",
        "CDLDOJI": "0",
        "CDLDOJISTAR": "0",
        "CDLDRAGONFLYDOJI": "0",
        "CDLENGULFING": "0",
        "CDLEVENINGDOJISTAR": "0",
        "CDLEVENINGSTAR": "0",
        "CDLGAPSIDESIDEWHITE": "0",
        "CDLGRAVESTONEDOJI": "0",
        "CDLHAMMER": "0",
        "CDLHANGINGMAN": "0",
        "CDLHARAMI": "0",
        "CDLHARAMICROSS": "0",
        "CDLHIGHWAVE": "0",
        "CDLHIKKAKE": "0",
        "CDLHIKKAKEMOD": "0",
        "CDLHOMINGPIGEON": "0",
        "CDLIDENTICAL3CROWS": "0",
        "CDLINNECK": "0",
        "CDLINVERTEDHAMMER": "100",
        "CDLKICKING": "0",
        "CDLKICKINGBYLENGTH": "0",
        "CDLLADDERBOTTOM": "0",
        "CDLLONGLEGGEDDOJI": "0",
        "CDLLONGLINE": "0",
        "CDLMARUBOZU": "0",
        "CDLMATCHINGLOW": "0",
        "CDLMATHOLD": "0",
        "CDLMORNINGDOJISTAR": "0",
        "CDLMORNINGSTAR": "0",
        "CDLONNECK": "-100",
        "CDLPIERCING": "0",
        "BETA": -3.2603266097435033,
        "CORREL": 0.004299047150795027,
        "LINEARREG": 13.927152579216253,
        "LINEARREG_ANGLE": -9.517763018184759,
        "LINEARREG_INTERCEPT": 16.106749876077963,
        "LINEARREG_SLOPE": -0.1676613305278238,
        "STDDEV": 2.0965582126936555,
        "TSF": 13.75949124868843,
        "VAR": 4.395556339213215,
        "ACOS": NaN,
        "ASIN": NaN,
        "ATAN": 1.4910412238543704,
        "CEIL": 13.0,
        "COS": 0.9985106487910106,
        "COSH": 135759.35756476797,
        "EXP": 271518.7151258529,
        "FLOOR": 12.0,
        "LN": 2.5266711079141952,
        "LOG10": 1.0973193197515108,
        "SIN": -0.054557164982750345,
        "SINH": 135759.35756108497,
        "SQRT": 3.53720035456065,
        "TAN": -0.054638540959786215,
        "TANH": 0.9999999999728713,
        "ROC_3D": -16.983715502734643,
        "ROC_5D": -32.01094843651925,
        "ROC_10D": 22.675192314116277,
        "ROC_20D": -0.6608824848452599,
        "ROC_ACCEL_5D": -112.44469400741542,
        "ROC_ACCEL_10D": 41.697844211990045,
        "PRICE_MOMENTUM_5D": -16.257206434344674,
        "PRICE_MOMENTUM_10D": -14.6942633627819,
        "PRICE_MOMENTUM_20D": -19.82605712541792,
        "PRICE_MOMENTUM_60D": -18.530893706362363,
        "VOLUME_MOMENTUM_5D": 16.11634872418144,
        "VOLUME_MOMENTUM_10D": -0.43841435316105404,
        "VOLUME_MOMENTUM_20D": -5.609614914367933,
        "PRICE_ACCEL_5D": -0.5592019314665877,
        "PRICE_ACCEL_10D": -0.12159362598481072,
        "ADX_7": 31.295576810580815,
        "ADX_21": 10.196650076243023,
        "DI_DIFF_7": -12.654476675464927,
        "DI_RATIO_7": 0.3674025782375576,
        "DI_DIFF_14": -5.243347665369459,
        "DI_RATIO_14": 0.6806425051167024,
        "DI_DIFF_21": -2.64026235711229,
        "DI_RATIO_21": 0.8243579160060694,
        "PRICE_RANK_20D": 0.3834763803416186,
        "DIST_TO_HIGH_20D": 96.14866945487252,
        "DIST_TO_LOW_20D": 59.85398088837164,
        "PRICE_RANK_60D": 0.37780136313186624,
        "DIST_TO_HIGH_60D": 98.49321181390654,
        "DIST_TO_LOW_60D": 59.85398088837164,
        "pe": 0.0,
        "pb": 0.0,
        "roe": 0.0,
        "sentiment_score": 0.0
      },